{"10": 0.0018242115620523691, "interval": 7, "3": 0.012551738880574703, "5": 0.29618725180625916, "4": 0.01591343618929386, "7": 0.003267129650339484, "6": 0.6700807213783264, "9": 7.412691047647968e-05, "8": 0.00010131945600733161, "cur_std": 53.611741470336916}
