{"10": 0.006044479086995125, "interval": 9, "3": 0.05119388550519943, "5": 0.08947592973709106, "4": 0.013541867956519127, "7": 0.0252132136374712, "6": 0.13018670678138733, "9": 0.6771517992019653, "8": 0.00719203008338809, "cur_std": 2.6154877329664306}
